UUAA|NS
BCBS|pe.bcbs.app-id-28704
DX42|pe.dx42.app-id-23581
FINA|pe.fina.app-id-22847
INTC|pe.intc.app-id-22863
KAOC|pe.kaoc.app-id-17846
KARC|pe.karc.app-id-81891
KBTQ|pe.kbtq.app-id-12852
KCDO|pe.kcdo.app-id-12647
KCEG|pe.kceg.app-id-22485
KCOG|pe.kcog.app-id-17883
KCRT|pe.kcrt.app-id-21799
KCSN|pe.kcsn.app-id-17842
KCTD|pe.kctd.app-id-17832
KCTK|pe.kctk.app-id-17901
KDEO|pe.kdeo.app-id-17137
KDIT|pe.kdit.app-id-15763
KDTM|pe.kdtm.app-id-21807
KDWR|pe.kdwr.app-id-33414
KECS|pe.kecs.app-id-13902
KEXC|pe.kexc.app-id-17841
KFUL|pe.kful.app-id-15706
KGOV|pe.kgov.app-id-21812
KGUG|pe.kgug.app-id-17865
KMFI|pe.kmfi.app-id-17918
KMOL|pe.kmol.app-id-13068
KORK|pe.kork.app-id-17909
KPAD|pe.kpad.app-id-17844
KPAS|pe.kpas.app-id-38430
KPFM|pe.kpfm.app-id-9759
KPHA|pe.kpha.app-id-24891
KQPD|pe.kqpd.app-id-21822
KRAS|pe.kras.app-id-17913
KRDC|pe.krdc.app-id-21828
KREI|pe.krei.app-id-17921
KRRO|pe.krro.app-id-21833
KSAG|pe.ksag.app-id-17881
KSAN|pe.ksan.app-id-13224
KSKR|pe.kskr.app-id-11975
KSLB|pe.kslb.app-id-17872
KSTM|pe.kstm.app-id-17856
KTAE|pe.ktae.app-id-17895
KTIS|pe.ktis.app-id-17851
KTNY|pe.ktny.app-id-17886
KUSU|pe.kusu.app-id-12355
MK8F|pe.mk8f.app-id-339898
NA8Z|pe.na8z.app-id-17889
NZTG|pe.nztg.app-id-21847
OLNW|pe.olnw.app-id-186607
PAJU|pe.paju.app-id-24876
PAOM|pe.paom.app-id-20739
PAPX|pe.papx.app-id-85735
PAUD|pe.paud.app-id-20740
PBFD|pe.pbfd.app-id-35815
PBIL|pe.pbil.app-id-20741
PBPM|pe.pbpm.app-id-542578
PBTQ|pe.pbtq.app-id-20743
PCDD|pe.pcdd.app-id-144130
PCEG|pe.pceg.app-id-546014
PCIB|pe.pcib.app-id-60530
PCJE|pe.pcje.app-id-147944
PCKH|pe.pckh.app-id-797580
PCOG|pe.pcog.app-id-20747
PCPA|pe.pcpa.app-id-247785
PCRR|pe.pcrr.app-id-20753
PCRT|pe.pcrt.app-id-20761
PCTD|pe.pctd.app-id-20768
PCTK|pe.pctk.app-id-20775
PDAR|pe.pdar.app-id-60515
PDCO|pe.pdco.app-id-20782
PDEO|pe.pdeo.app-id-20788
PDIT|pe.pdit.app-id-31856
PDPM|pe.pdpm.app-id-60543
PDWP|pe.pdwp.app-id-20791
PDWY|pe.pdwy.app-id-221867
PESE|pe.pese.app-id-38734
PFAN|pe.pfan.app-id-20794
PFCM|pe.pfcm.app-id-20796
PFCR|pe.pfcr.app-id-411975
PGUG|pe.pgug.app-id-20990
PHUK|pe.phuk.app-id-20806
PISD|pe.pisd.app-id-26197
PIVG|pe.pivg.app-id-443086
PKRE|pe.pkre.app-id-412008
PLMA|pe.plma.app-id-374728
PLOG|pe.plog.app-id-20811
PMFI|pe.pmfi.app-id-20817
PMIG|pe.pmig.app-id-20822
PMOL|pe.pmol.app-id-20826
PMOR|pe.pmor.app-id-20829
POPC|pe.popc.app-id-27581
PORK|pe.pork.app-id-20831
PPAD|pe.ppad.app-id-20833
PPAN|pe.ppan.app-id-20989
PPCU|pe.ppcu.app-id-40044
PPLM|pe.pplm.app-id-51115
PPMH|pe.ppmh.app-id-501457
PPOM|pe.ppom.app-id-20845
PRAS|pe.pras.app-id-20854
PRDC|pe.prdc.app-id-20862
PREA|pe.prea.app-id-460854
PREI|pe.prei.app-id-20867
PRES|pe.pres.app-id-140574
PSAG|pe.psag.app-id-20871
PSAN|pe.psan.app-id-20876
PSFC|pe.psfc.app-id-35108
PSGS|pe.psgs.app-id-142355
PSTM|pe.pstm.app-id-20879
PSVI|pe.psvi.app-id-214225
PTLC|pe.ptlc.app-id-38726
PTTK|pe.pttk.app-id-211942
PTYC|pe.ptyc.app-id-260313
PUSU|pe.pusu.app-id-143811
PXPU|pe.pxpu.app-id-20883
PXPV|pe.pxpv.app-id-20886
QSRV|pe.qsrv.app-id-9595
QWAI|pe.qwai.app-id-29628
QWPU|pe.qwpu.app-id-10662
RISK|pe.risk.app-id-21856
TEST|pe.test.app-id-21858
TLLB|pe.tllb.app-id-353391
VBOX|pe.vbox.app-id-22458
XCTK|pe.xctk.app-id-21862
XDKQ|pe.xdkq.app-id-17879
XDRD|pe.xdrd.app-id-21866
XGUG|pe.xgug.app-id-21538
XMCE|pe.xmce.app-id-21875
XPDM|pe.xpdm.app-id-26752
ZO69|pe.zo69.app-id-23320
ZH5H|pe.zh5h.app-id-126934
E5JC|pe.e5jc.app-id-488815
YTPQ|pe.ytpq.app-id-1035945
LTCE|pe.ltce.app-id-457355
KYAT|pe.kyat.app-id-372119
KDOD|pe.kdod.app-id-21402
KHR1|pe.khr1.app-id-19601
RZUA|pe.rzua.app-id-19546
KOMN|pe.komn.app-id-80824
KBRB|pe.kbrb.app-id-21370
HLPQ|pe.hlpq.app-id-915837
EJB6|pe.ejb6.app-id-169045
KTC1|pe.ktc1.app-id-33374
KTC2|pe.ktc2.app-id-66858
KTC3|pe.ktc3.app-id-66868
FXPI|pe.fxpi.app-id-1209403
ZGDP|pe.zgdp.app-id-1120815
KMIG|pe.kmig.app-id-764032
YH2J|pe.yh2j.app-id-87365
KTC8|pe.ktc8.app-id-114258
KTC4|pe.ktc4.app-id-66904
PPCW|pe.ppcw.app-id-1174724
PADQ|pe.padq.app-id-532295
L8PX|pe.l8px.app-id-1808156
KKXH|pe.kkxh.app-id-939050
PMSR|pe.pmsr.app-id-1149320
PSDB|pe.psdb.app-id-1183430
KDCM|pe.kdcm.app-id-12663
KMTF|pe.kmtf.app-id-88350
PCYB|pe.pcyb.app-id-1173606
PCUC|pe.pcuc.app-id-1169549
PDTM|pe.pdtm.app-id-1169100
POID|pe.poid.app-id-1174715
PREO|pe.preo.app-id-1377428
PPSE|pe.ppse.app-id-1183337
PFMI|pe.pfmi.app-id-270419
PLGL|pe.plgl.app-id-1174082
PLCO|pe.plco.app-id-1174016
PLGT|pe.plgt.app-id-1174687
PADI|pe.padi.app-id-1169445
PPNG|pe.ppng.app-id-1177578
PSCV|pe.pscv.app-id-1183909
PRHI|pe.prhi.app-id-1183413
PSTR|pe.pstr.app-id-1183925
PINR|pe.pinr.app-id-1173825
PYAT|pe.pyat.app-id-1213872
PFFO|pe.pffo.app-id-1173704
KLAU|pe.klau.app-id-18186
IZ36|pe.iz36.app-id-19332
KPLM|pe.kplm.app-id-21818
KCMC|pe.kcmc.app-id-23472
KFIS|pe.kfis.app-id-74000
KSTR|pe.kstr.app-id-645773
POBO|pe.pobo.app-id-1141385
PSBD|pe.psbd.app-id-1183430
KCMS|pe.kcms.app-id-74071
XREI|pe.xrei.app-id-67415
PMOI|pe.pmoi.app-id-1526372
XR6Z|pe.xr6z.app-id-755910
KFUS|pe.kfus.app-id-219475
KYRA|pe.kyra.app-id-38341
TEPR|pe.tepr.app-id-1115055
ENDF|pe.endf.app-id-243152
KYUM|pe.kyum.app-id-533239
XEXC|pe.xexc.app-id-11894
EEZT|pe.eezt.app-id-442848
KGGT|pe.kggt.app-id-19207
XDIP|pe.xdip.app-id-21522
PENG|pe.peng.app-id-13627
KSOD|pe.ksod.app-id-35124
XPNG|pe.xpng.app-id-21565
KEEH|pe.keeh.app-id-1609586
KIFD|pe.kifd.app-id-117614
XBFP|pe.xbfp.app-id-21503
EBDM|pe.ebdm.app-id-1346056
XCCA|pe.xcca.app-id-21507
EGNS|pe.egns.app-id-1867777
KHRA|pe.khra.app-id-529546
OOKS|pe.ooks.app-id-28687
XCIF|pe.xcif.app-id-21512
ECLC|pe.eclc.app-id-17604
EAGS|pe.eags.app-id-17586
XPAD|pe.xpad.app-id-21556
KPAG|pe.kpag.app-id-21815
XMOL|pe.xmol.app-id-21548
KMOR|pe.kmor.app-id-1492510
KRTE|pe.krte.app-id-21441
KTXO|pe.ktxo.app-id-23713
XASE|pe.xase.app-id-21500
ENHT|pe.enht.app-id-382981
KYGP|pe.kygp.app-id-34096
KLOG|pe.klog.app-id-19175
PGGP|pe.pggp.app-id-221342
KIRM|pe.kirm.app-id-21420
KPAN|pe.kpan.app-id-385678
OHWA|pe.ohwa.app-id-21449
KTKR|pe.ktkr.app-id-1456587
KCHA|pe.kcha.app-id-21383
KMSR|pe.kmsr.app-id-21424
XMQR|pe.xmqr.app-id-21552
KHRH|pe.khrh.app-id-17277
XSET|pe.xset.app-id-21896
XYAT|pe.xyat.app-id-21581
KAGQ|pe.kagq.app-id-592600
XMKN|pe.xmkn.app-id-11765
XPAN|pe.xpan.app-id-21560
KALI|pe.kali.app-id-21363
KWTH|pe.kwth.app-id-21839
KFAN|pe.kfan.app-id-1054048
NM7R|pe.nm7r.app-id-76889
KIDT|pe.kidt.app-id-1304924
ROSI|pe.rosi.app-id-21450
EYVR|pe.eyvr.app-id-1242833
KZGQ|pe.kzgq.app-id-18620
KBMQ|pe.kbmq.app-id-26271
KITC|pe.kitc.app-id-13318
EWVP|pe.ewvp.app-id-983207
XRRO|pe.xrro.app-id-21570
KTYC|pe.ktyc.app-id-25042
KALR|pe.kalr.app-id-21797
TEPP|pe.tepp.app-id-1115023
KDAR|pe.kdar.app-id-21803
KDDR|pe.kddr.app-id-21396
KWUE|pe.kwue.app-id-419726
XRDA|pe.xrda.app-id-21567
XSAG|pe.xsag.app-id-21573
KFPU|pe.kfpu.app-id-66954
XMIG|pe.xmig.app-id-21887
XIVG|pe.xivg.app-id-21544
KAAR|pe.kaar.app-id-21353
ENGD|pe.engd.app-id-714371
SLFR|pe.slfr.app-id-12004
KRPR|pe.krpr.app-id-333452
TLSM|pe.tlsm.app-id-1018890
EKSA|pe.eksa.app-id-62923
KIDS|pe.kids.app-id-97081
KYUW|pe.kyuw.app-id-1252902
KCCC|pe.kccc.app-id-186631
KKPS|pe.kkps.app-id-298041
PPUC|pe.ppuc.app-id-21855
KCOB|pe.kcob.app-id-26273
KYTL|pe.kytl.app-id-970218
KYOB|pe.kyob.app-id-35744
KKSV|pe.kksv.app-id-141663
XPLM|pe.xplm.app-id-21563
TEDT|pe.tedt.app-id-1884296
KALM|pe.kalm.app-id-22509
KBKB|pe.kbkb.app-id-21368
XXBD|pe.xxbd.app-id-21578
KIWB|pe.kiwb.app-id-32912
XDES|pe.xdes.app-id-18707
YJPM|pe.yjpm.app-id-1911684
J7IL|pe.j7il.app-id-19695
B0HN|pe.b0hn.app-id-23103
FWHZ|pe.fwhz.app-id-21326
CGJ7|pe.cgj7.app-id-23154
XCTD|pe.xctd.app-id-26297
TDI3|pe.tdi3.app-id-76899
E5A5|pe.e5a5.app-id-76909
G5M3|pe.g5m3.app-id-23164
XFMD|pe.xfmd.app-id-21530
OZWO|pe.ozwo.app-id-21851
XRPM|pe.xrpm.app-id-26305
JKLI|pe.jkli.app-id-21348
KWOW|pe.kwow.app-id-21444
KSDD|pe.ksdd.app-id-16936
KAGR|pe.kagr.app-id-25860
FKRH|pe.fkrh.app-id-21795
EMOL|pe.emol.app-id-17646
KPRC|pe.kprc.app-id-721886
SH95|pe.sh95.app-id-17356
KCPG|pe.kcpg.app-id-26206
KVAL|pe.kval.app-id-18071
KORD|pe.kord.app-id-26220
KATT|pe.katt.app-id-17190
KGOC|pe.kgoc.app-id-23284
KIPS|pe.kips.app-id-19986
KIRI|pe.kiri.app-id-19904
KIAC|pe.kiac.app-id-19929
KIDA|pe.kida.app-id-19945
KIFI|pe.kifi.app-id-19961
KIPP|pe.kipp.app-id-19886
H9IY|pe.h9iy.app-id-18434
KTMT|pe.ktmt.app-id-945109
KSPR|pe.kspr.app-id-19866
KFTI|pe.kfti.app-id-23901
KSZG|pe.kszg.app-id-19618
KLIF|pe.klif.app-id-25252
OV4B|pe.ov4b.app-id-25492
VYIM|pe.vyim.app-id-12446
KMRK|pe.kmrk.app-id-18522
KMRC|pe.kmrc.app-id-18006
SWD1|pe.swd1.app-id-17304
KTC5|pe.ktc5.app-id-66913
KTC6|pe.ktc6.app-id-66928
ECRK|pe.ecrk.app-id-17607
EGUG|pe.egug.app-id-17704
CCCJ|pe.cccj.app-id-28618
KRCE|pe.krce.app-id-16689
O1DM|pe.o1dm.app-id-38849
FVND|pe.fvnd.app-id-34902
MZC4|pe.mzc4.app-id-38143
IGLO|pe.iglo.app-id-19686
KMUX|pe.kmux.app-id-23601
GVYG|pe.gvyg.app-id-18020
KGCC|pe.kgcc.app-id-34964
KFIC|pe.kfic.app-id-74024
KGBC|pe.kgbc.app-id-74034
KGBS|pe.kgbs.app-id-74055
KCNC|pe.kcnc.app-id-74013
KCNS|pe.kcns.app-id-73991
KDPC|pe.kdpc.app-id-74138
KDPS|pe.kdps.app-id-74150
KINC|pe.kinc.app-id-74224
KINS|pe.kins.app-id-39405
KFDC|pe.kfdc.app-id-75275
KFDS|pe.kfds.app-id-75286
PJVE|pe.pjve.app-id-45920
KSIN|pe.ksin.app-id-74240
KLGD|pe.klgd.app-id-264977
KJTV|pe.kjtv.app-id-253147
KLEM|pe.klem.app-id-37660
KLER|pe.kler.app-id-37666
KTC7|pe.ktc7.app-id-261353
KQPF|pe.kqpf.app-id-184925
RE4M|pe.re4m.app-id-73457
ECOG|pe.ecog.app-id-17605
UNSO|pe.unso.app-id-67996
KDCO|pe.kdco.app-id-17674
KRHI|pe.krhi.app-id-133393
KPTA|pe.kpta.app-id-103600
KFCM|pe.kfcm.app-id-26255
MRRO|pe.mrro.app-id-22238
KCOL|pe.kcol.app-id-73238
ILUR|pe.ilur.app-id-111643
VJWG|pe.vjwg.app-id-124700
YFVH|pe.yfvh.app-id-168995
MSX9|pe.msx9.app-id-169023
R4FU|pe.r4fu.app-id-169039
KEKB|pe.kekb.app-id-197507
GNP5|pe.gnp5.app-id-29187
KATC|pe.katc.app-id-24547
P68X|pe.p68x.app-id-206343
SDFC|pe.sdfc.app-id-21466
XAMW|pe.xamw.app-id-2469654
TCLE|pe.tcle.app-id-209758
L9CT|pe.l9ct.app-id-219787
KNWD|pe.knwd.app-id-16594
KROP|pe.krop.app-id-179146
KACS|pe.kacs.app-id-449352
KNFA|pe.knfa.app-id-25589
LZ1V|pe.lz1v.app-id-220029
EFIM|pe.efim.app-id-17641
XDTI|pe.xdti.app-id-106318
KFRO|pe.kfro.app-id-333442
CUCO|pe.cuco.app-id-84773
IFIN|pe.ifin.app-id-381929
KSBP|pe.ksbp.app-id-348872
KTRO|pe.ktro.app-id-354639
KTAX|pe.ktax.app-id-30894
KGRC|pe.kgrc.app-id-29319
KEBA|pe.keba.app-id-257675
P6R1|pe.p6r1.app-id-169054
ZP86|pe.zp86.app-id-353213
TROP|pe.trop.app-id-179235
KMCS|pe.kmcs.app-id-133346
CRCC|pe.crcc.app-id-460300
KVNZ|pe.kvnz.app-id-586670
CPAN|pe.cpan.app-id-20556
SFMA|pe.sfma.app-id-17683
GCWV|pe.gcwv.app-id-519212
DO8W|pe.do8w.app-id-527820
DI4J|pe.di4j.app-id-617975
MCTK|pe.mctk.app-id-22127
FSBE|pe.fsbe.app-id-634119
AL11|pe.al11.app-id-576446
KJOR|pe.kjor.app-id-1394714
KGYM|pe.kgym.app-id-28511
INAB|pe.inab.app-id-670515
KVCS|pe.kvcs.app-id-487851
KDHK|pe.kdhk.app-id-26782
TLIQ|pe.tliq.app-id-623015
KRLT|pe.krlt.app-id-682410
O5RA|pe.o5ra.app-id-710500
SFLT|pe.sflt.app-id-659940
KIVG|pe.kivg.app-id-1054346
KTCP|pe.ktcp.app-id-1198915
KPTT|pe.kptt.app-id-843373
KPCF|pe.kpcf.app-id-1003127
KHEL|pe.khel.app-id-24801
EDQM|pe.edqm.app-id-167525
ESGE|pe.esge.app-id-864185
KTM2|pe.ktm2.app-id-1021436
KRIS|pe.kris.app-id-1041254
KISE|pe.kise.app-id-1313372
KLOC|pe.kloc.app-id-1316475
KCPR|pe.kcpr.app-id-1243847
DV2N|pe.dv2n.app-id-1352930
KUSP|pe.kusp.app-id-1114798
UESG|pe.uesg.app-id-1041065
KALE|pe.kale.app-id-1671732
KSCR|pe.kscr.app-id-1671638
KMNT|pe.kmnt.app-id-1671695
KPAR|pe.kpar.app-id-1671786
KIRA|pe.kira.app-id-1355655
FBTQ|pe.fbtq.app-id-1430181
FSAG|pe.fsag.app-id-1430322
FSAN|pe.fsan.app-id-1430371
FDEO|pe.fdeo.app-id-1430409
FSLB|pe.fslb.app-id-1448403
FSTM|pe.fstm.app-id-1430279
U8CD|pe.u8cd.app-id-1430325
FREI|pe.frei.app-id-1430419
FCTK|pe.fctk.app-id-1430443
FRAS|pe.fras.app-id-1430461
FGUG|pe.fgug.app-id-1430452
FTAE|pe.ftae.app-id-1476027
KWDL|pe.kwdl.app-id-1463363
TESG|pe.tesg.app-id-1041055
KBRE|pe.kbre.app-id-21373
KTC9|pe.ktc9.app-id-1670739
LPHE|pe.lphe.app-id-809603
ILAR|pe.ilar.app-id-1617591
KRBA|pe.krba.app-id-1020940
KCRR|pe.kcrr.app-id-1637091
GSN2|pe.gsn2.app-id-122753
TCPH|pe.tcph.app-id-2182634
KCAG|pe.kcag.app-id-2348815
FFIR|pe.ffir.app-id-2368238
WIJ2|pe.wij2.app-id-2760137
SCAT|pe.scat.app-id-1302468
PMKD|pe.pmkd.app-id-1174697
DTAU|pe.dtau.app-id-573291
PSMH|pe.psmh.app-id-1493020
PITH|pe.pith.app-id-882120
PCNH|pe.pcnh.app-id-1372215
PBGH|pe.pbgh.app-id-125680
PMPH|pe.pmph.app-id-1393023
PQGH|pe.pqgh.app-id-1821751
PKNH|pe.pknh.app-id-1962338
PUGH|pe.pugh.app-id-125645
PEXT|pe.pext.app-id-2728654
PFMH|pe.pfmh.app-id-1268318
PICH|pe.pich.app-id-125663
PMCH|pe.pmch.app-id-1392833
PPEH|pe.ppeh.app-id-125714
PSBH|pe.psbh.app-id-1492960
PRIH|pe.prih.app-id-1469921
PWRH|pe.pwrh.app-id-1682073
PDIH|pe.pdih.app-id-1493587
PGPH|pe.pgph.app-id-2314069
PASH|pe.pash.app-id-246438
PLEH|pe.pleh.app-id-2148420
PTCH|pe.ptch.app-id-125653
PRCH|pe.prch.app-id-125706
PXCH|pe.pxch.app-id-2148397
PVLH|pe.pvlh.app-id-1268282
PXGH|pe.pxgh.app-id-882089
RDT8|pe.rdt8.app-id-1264527
PFBH|pe.pfbh.app-id-1813154
G9KJ|pe.g9kj.app-id-1962360
PATM|pe.patm.app-id-1228179
PTTH|pe.ptth.app-id-1268514
PSLH|pe.pslh.app-id-1425081
PFEH|pe.pfeh.app-id-1066471
PHYH|pe.phyh.app-id-1464179
POYH|pe.poyh.app-id-1601157
FXPP|pe.fxpp.app-id-1209336
PNET|pe.pnet.app-id-1483336
PXOH|pe.pxoh.app-id-797422
PWPA|pe.pwpa.app-id-1035978
J1GN|pe.j1gn.app-id-898602
JNI7|pe.jni7.app-id-1288725
PMND|pe.pmnd.app-id-123293
FXFE|pe.fxfe.app-id-1372966
PFCO|pe.pfco.app-id-175649
V71K|pe.v71k.app-id-1264163
PHUH|pe.phuh.app-id-1659495
PSIH|pe.psih.app-id-1962297
PSFR|pe.psfr.app-id-2354846
TYVW|pe.tyvw.app-id-2368717
PCGH|pe.pcgh.app-id-2286213
PSSF|pe.pssf.app-id-243315
TETS|pe.tets.app-id-2846387
PMOS|pe.pmos.app-id-2190343
SXB9|pe.sxb9.app-id-2832176
f30v|pe.f30v.app-id-938255
PSCO|pe.psco.app-id-1424257
PIMC|pe.pimc.app-id-1805886
YMP2|pe.ymp2.app-id-1264255
FXGC|pe.fxgc.app-id-2991686
KETQ|pe.ketq.app-id-39277
FXSG|pe.fxsg.app-id-3288270
PBTH|pe.pbth.app-id-3370940
VKIN|pe.vkin.app-id-3227389
TINC|tinc.pe
TFIN|tfin.pe
TCIB|tcib.pe
TRSK|trsk.pe
D766|pe.d766.app-id-1459162