barcode_id,sequence,LimeCat_BC,BC_id_num
bar1 - T24,TCAGACGTGTGCTCTTCCGATCTAACGTGATDDDDDDDDttttttttttttttttttttttttt,AACGTGAT,1
bar2 - T24,TCAGACGTGTGCTCTTCCGATCTAAACATCGDDDDDDDDttttttttttttttttttttttttt,AAACATCG,2
bar3 - T24,TCAGACGTGTGCTCTTCCGATCTATGCCTAADDDDDDDDttttttttttttttttttttttttt,ATGCCTAA,3
bar4 - T24,TCAGACGTGTGCTCTTCCGATCTAGTGGTCADDDDDDDDttttttttttttttttttttttttt,AGTGGTCA,4
bar5 - T24,TCAGACGTGTGCTCTTCCGATCTACCACTGTDDDDDDDDttttttttttttttttttttttttt,ACCACTGT,5
bar6 - T24,TCAGACGTGTGCTCTTCCGATCTACATTGGCDDDDDDDDttttttttttttttttttttttttt,ACATTGGC,6
bar7 - T24,TCAGACGTGTGCTCTTCCGATCTCAGATCTGDDDDDDDDttttttttttttttttttttttttt,CAGATCTG,7
bar8 - T24,TCAGACGTGTGCTCTTCCGATCTCATCAAGTDDDDDDDDttttttttttttttttttttttttt,CATCAAGT,8
bar9 - T24,TCAGACGTGTGCTCTTCCGATCTCGCTGATCDDDDDDDDttttttttttttttttttttttttt,CGCTGATC,9
bar10 - T24,TCAGACGTGTGCTCTTCCGATCTACAAGCTADDDDDDDDttttttttttttttttttttttttt,ACAAGCTA,10
bar11 - T24,TCAGACGTGTGCTCTTCCGATCTCTGTAGCCDDDDDDDDttttttttttttttttttttttttt,CTGTAGCC,11
bar12 - T24,TCAGACGTGTGCTCTTCCGATCTAGTACAAGDDDDDDDDttttttttttttttttttttttttt,AGTACAAG,12
bar13 - T24,TCAGACGTGTGCTCTTCCGATCTAACAACCADDDDDDDDttttttttttttttttttttttttt,AACAACCA,13
bar14 - T24,TCAGACGTGTGCTCTTCCGATCTAACCGAGADDDDDDDDttttttttttttttttttttttttt,AACCGAGA,14
bar15 - T24,TCAGACGTGTGCTCTTCCGATCTAACGCTTADDDDDDDDttttttttttttttttttttttttt,AACGCTTA,15
bar16 - T24,TCAGACGTGTGCTCTTCCGATCTAAGACGGADDDDDDDDttttttttttttttttttttttttt,AAGACGGA,16
bar17 - T24,TCAGACGTGTGCTCTTCCGATCTAAGGTACADDDDDDDDttttttttttttttttttttttttt,AAGGTACA,17
bar18 - T24,TCAGACGTGTGCTCTTCCGATCTACACAGAADDDDDDDDttttttttttttttttttttttttt,ACACAGAA,18
bar19 - T24,TCAGACGTGTGCTCTTCCGATCTACAGCAGADDDDDDDDttttttttttttttttttttttttt,ACAGCAGA,19
bar20 - T24,TCAGACGTGTGCTCTTCCGATCTACCTCCAADDDDDDDDttttttttttttttttttttttttt,ACCTCCAA,20
bar21 - T24,TCAGACGTGTGCTCTTCCGATCTACGCTCGADDDDDDDDttttttttttttttttttttttttt,ACGCTCGA,21
bar22 - T24,TCAGACGTGTGCTCTTCCGATCTACGTATCADDDDDDDDttttttttttttttttttttttttt,ACGTATCA,22
bar23 - T24,TCAGACGTGTGCTCTTCCGATCTACTATGCADDDDDDDDttttttttttttttttttttttttt,ACTATGCA,23
bar24 - T24,TCAGACGTGTGCTCTTCCGATCTAGAGTCAADDDDDDDDttttttttttttttttttttttttt,AGAGTCAA,24
bar25 - T24,TCAGACGTGTGCTCTTCCGATCTAGATCGCADDDDDDDDttttttttttttttttttttttttt,AGATCGCA,25
bar26 - T24,TCAGACGTGTGCTCTTCCGATCTAGCAGGAADDDDDDDDttttttttttttttttttttttttt,AGCAGGAA,26
bar27 - T24,TCAGACGTGTGCTCTTCCGATCTAGTCACTADDDDDDDDttttttttttttttttttttttttt,AGTCACTA,27
bar28 - T24,TCAGACGTGTGCTCTTCCGATCTATCCTGTADDDDDDDDttttttttttttttttttttttttt,ATCCTGTA,28
bar29 - T24,TCAGACGTGTGCTCTTCCGATCTATTGAGGADDDDDDDDttttttttttttttttttttttttt,ATTGAGGA,29
bar30 - T24,TCAGACGTGTGCTCTTCCGATCTCAACCACADDDDDDDDttttttttttttttttttttttttt,CAACCACA,30
bar31 - T24,TCAGACGTGTGCTCTTCCGATCTCAAGACTADDDDDDDDttttttttttttttttttttttttt,CAAGACTA,31
bar32 - T24,TCAGACGTGTGCTCTTCCGATCTCAATGGAADDDDDDDDttttttttttttttttttttttttt,CAATGGAA,32
bar33 - T24,TCAGACGTGTGCTCTTCCGATCTCACTTCGADDDDDDDDttttttttttttttttttttttttt,CACTTCGA,33
bar34 - T24,TCAGACGTGTGCTCTTCCGATCTCAGCGTTADDDDDDDDttttttttttttttttttttttttt,CAGCGTTA,34
bar35 - T24,TCAGACGTGTGCTCTTCCGATCTCATACCAADDDDDDDDttttttttttttttttttttttttt,CATACCAA,35
bar36 - T24,TCAGACGTGTGCTCTTCCGATCTCCAGTTCADDDDDDDDttttttttttttttttttttttttt,CCAGTTCA,36
bar37 - T24,TCAGACGTGTGCTCTTCCGATCTCCGAAGTADDDDDDDDttttttttttttttttttttttttt,CCGAAGTA,37
bar38 - T24,TCAGACGTGTGCTCTTCCGATCTCCGTGAGADDDDDDDDttttttttttttttttttttttttt,CCGTGAGA,38
bar39 - T24,TCAGACGTGTGCTCTTCCGATCTCCTCCTGADDDDDDDDttttttttttttttttttttttttt,CCTCCTGA,39
bar40 - T24,TCAGACGTGTGCTCTTCCGATCTCGAACTTADDDDDDDDttttttttttttttttttttttttt,CGAACTTA,40
bar41 - T24,TCAGACGTGTGCTCTTCCGATCTCGACTGGADDDDDDDDttttttttttttttttttttttttt,CGACTGGA,41
bar42 - T24,TCAGACGTGTGCTCTTCCGATCTCGCATACADDDDDDDDttttttttttttttttttttttttt,CGCATACA,42
bar43 - T24,TCAGACGTGTGCTCTTCCGATCTCTCAATGADDDDDDDDttttttttttttttttttttttttt,CTCAATGA,43
bar44 - T24,TCAGACGTGTGCTCTTCCGATCTCTGAGCCADDDDDDDDttttttttttttttttttttttttt,CTGAGCCA,44
bar45 - T24,TCAGACGTGTGCTCTTCCGATCTCTGGCATADDDDDDDDttttttttttttttttttttttttt,CTGGCATA,45
bar46 - T24,TCAGACGTGTGCTCTTCCGATCTGAATCTGADDDDDDDDttttttttttttttttttttttttt,GAATCTGA,46
bar47 - T24,TCAGACGTGTGCTCTTCCGATCTGACTAGTADDDDDDDDttttttttttttttttttttttttt,GACTAGTA,47
bar48 - T24,TCAGACGTGTGCTCTTCCGATCTGAGCTGAADDDDDDDDttttttttttttttttttttttttt,GAGCTGAA,48
bar49 - T24,TCAGACGTGTGCTCTTCCGATCTGATAGACADDDDDDDDttttttttttttttttttttttttt,GATAGACA,49
bar50 - T24,TCAGACGTGTGCTCTTCCGATCTGCCACATADDDDDDDDttttttttttttttttttttttttt,GCCACATA,50
bar51 - T24,TCAGACGTGTGCTCTTCCGATCTGCGAGTAADDDDDDDDttttttttttttttttttttttttt,GCGAGTAA,51
bar52 - T24,TCAGACGTGTGCTCTTCCGATCTGCTAACGADDDDDDDDttttttttttttttttttttttttt,GCTAACGA,52
bar53 - T24,TCAGACGTGTGCTCTTCCGATCTGCTCGGTADDDDDDDDttttttttttttttttttttttttt,GCTCGGTA,53
bar54 - T24,TCAGACGTGTGCTCTTCCGATCTGGAGAACADDDDDDDDttttttttttttttttttttttttt,GGAGAACA,54
bar55 - T24,TCAGACGTGTGCTCTTCCGATCTGGTGCGAADDDDDDDDttttttttttttttttttttttttt,GGTGCGAA,55
bar56 - T24,TCAGACGTGTGCTCTTCCGATCTGTACGCAADDDDDDDDttttttttttttttttttttttttt,GTACGCAA,56
bar57 - T24,TCAGACGTGTGCTCTTCCGATCTGTCGTAGADDDDDDDDttttttttttttttttttttttttt,GTCGTAGA,57
bar58 - T24,TCAGACGTGTGCTCTTCCGATCTGTCTGTCADDDDDDDDttttttttttttttttttttttttt,GTCTGTCA,58
bar59 - T24,TCAGACGTGTGCTCTTCCGATCTGTGTTCTADDDDDDDDttttttttttttttttttttttttt,GTGTTCTA,59
bar60 - T24,TCAGACGTGTGCTCTTCCGATCTTAGGATGADDDDDDDDttttttttttttttttttttttttt,TAGGATGA,60
bar61 - T24,TCAGACGTGTGCTCTTCCGATCTTATCAGCADDDDDDDDttttttttttttttttttttttttt,TATCAGCA,61
bar62 - T24,TCAGACGTGTGCTCTTCCGATCTTCCGTCTADDDDDDDDttttttttttttttttttttttttt,TCCGTCTA,62
bar63 - T24,TCAGACGTGTGCTCTTCCGATCTTCTTCACADDDDDDDDttttttttttttttttttttttttt,TCTTCACA,63
bar64 - T24,TCAGACGTGTGCTCTTCCGATCTTGAAGAGADDDDDDDDttttttttttttttttttttttttt,TGAAGAGA,64
bar65 - T24,TCAGACGTGTGCTCTTCCGATCTTGGAACAADDDDDDDDttttttttttttttttttttttttt,TGGAACAA,65
bar66 - T24,TCAGACGTGTGCTCTTCCGATCTTGGCTTCADDDDDDDDttttttttttttttttttttttttt,TGGCTTCA,66
bar67 - T24,TCAGACGTGTGCTCTTCCGATCTTGGTGGTADDDDDDDDttttttttttttttttttttttttt,TGGTGGTA,67
bar68 - T24,TCAGACGTGTGCTCTTCCGATCTTTCACGCADDDDDDDDttttttttttttttttttttttttt,TTCACGCA,68
bar69 - T24,TCAGACGTGTGCTCTTCCGATCTAACTCACCDDDDDDDDttttttttttttttttttttttttt,AACTCACC,69
bar70 - T24,TCAGACGTGTGCTCTTCCGATCTAAGAGATCDDDDDDDDttttttttttttttttttttttttt,AAGAGATC,70
bar71 - T24,TCAGACGTGTGCTCTTCCGATCTAAGGACACDDDDDDDDttttttttttttttttttttttttt,AAGGACAC,71
bar72 - T24,TCAGACGTGTGCTCTTCCGATCTAATCCGTCDDDDDDDDttttttttttttttttttttttttt,AATCCGTC,72
bar73 - T24,TCAGACGTGTGCTCTTCCGATCTAATGTTGCDDDDDDDDttttttttttttttttttttttttt,AATGTTGC,73
bar74 - T24,TCAGACGTGTGCTCTTCCGATCTACACGACCDDDDDDDDttttttttttttttttttttttttt,ACACGACC,74
bar75 - T24,TCAGACGTGTGCTCTTCCGATCTACAGATTCDDDDDDDDttttttttttttttttttttttttt,ACAGATTC,75
bar76 - T24,TCAGACGTGTGCTCTTCCGATCTAGATGTACDDDDDDDDttttttttttttttttttttttttt,AGATGTAC,76
bar77 - T24,TCAGACGTGTGCTCTTCCGATCTAGCACCTCDDDDDDDDttttttttttttttttttttttttt,AGCACCTC,77
bar78 - T24,TCAGACGTGTGCTCTTCCGATCTAGCCATGCDDDDDDDDttttttttttttttttttttttttt,AGCCATGC,78
bar79 - T24,TCAGACGTGTGCTCTTCCGATCTAGGCTAACDDDDDDDDttttttttttttttttttttttttt,AGGCTAAC,79
bar80 - T24,TCAGACGTGTGCTCTTCCGATCTATAGCGACDDDDDDDDttttttttttttttttttttttttt,ATAGCGAC,80
bar81 - T24,TCAGACGTGTGCTCTTCCGATCTATCATTCCDDDDDDDDttttttttttttttttttttttttt,ATCATTCC,81
bar82 - T24,TCAGACGTGTGCTCTTCCGATCTATTGGCTCDDDDDDDDttttttttttttttttttttttttt,ATTGGCTC,82
bar83 - T24,TCAGACGTGTGCTCTTCCGATCTCAAGGAGCDDDDDDDDttttttttttttttttttttttttt,CAAGGAGC,83
bar84 - T24,TCAGACGTGTGCTCTTCCGATCTCACCTTACDDDDDDDDttttttttttttttttttttttttt,CACCTTAC,84
bar85 - T24,TCAGACGTGTGCTCTTCCGATCTCCATCCTCDDDDDDDDttttttttttttttttttttttttt,CCATCCTC,85
bar86 - T24,TCAGACGTGTGCTCTTCCGATCTCCGACAACDDDDDDDDttttttttttttttttttttttttt,CCGACAAC,86
bar87 - T24,TCAGACGTGTGCTCTTCCGATCTCCTAATCCDDDDDDDDttttttttttttttttttttttttt,CCTAATCC,87
bar88 - T24,TCAGACGTGTGCTCTTCCGATCTCCTCTATCDDDDDDDDttttttttttttttttttttttttt,CCTCTATC,88
bar89 - T24,TCAGACGTGTGCTCTTCCGATCTCGACACACDDDDDDDDttttttttttttttttttttttttt,CGACACAC,89
bar90 - T24,TCAGACGTGTGCTCTTCCGATCTCGGATTGCDDDDDDDDttttttttttttttttttttttttt,CGGATTGC,90
bar91 - T24,TCAGACGTGTGCTCTTCCGATCTCTAAGGTCDDDDDDDDttttttttttttttttttttttttt,CTAAGGTC,91
bar92 - T24,TCAGACGTGTGCTCTTCCGATCTGAACAGGCDDDDDDDDttttttttttttttttttttttttt,GAACAGGC,92
bar93 - T24,TCAGACGTGTGCTCTTCCGATCTGACAGTGCDDDDDDDDttttttttttttttttttttttttt,GACAGTGC,93
bar94 - T24,TCAGACGTGTGCTCTTCCGATCTGAGTTAGCDDDDDDDDttttttttttttttttttttttttt,GAGTTAGC,94
bar95 - T24,TCAGACGTGTGCTCTTCCGATCTGATGAATCDDDDDDDDttttttttttttttttttttttttt,GATGAATC,95
bar96 - T24,TCAGACGTGTGCTCTTCCGATCTGCCAAGACDDDDDDDDttttttttttttttttttttttttt,GCCAAGAC,96
